{
	"format_version": "1.8.0",
	"animations": {
		"animation.qcw05.draw": {
			"loop": true,
			"animation_length": 1.5,
			"bones": {
				"lefthand": {
					"rotation": {
						"0.0": [0, 0, 0],
						"0.7": [0, 0, 0]
					},
					"position": {
						"0.0": [0, 0, 0],
						"0.7": [0, 0, 0]
					}
				},
				"main": {
					"rotation": {
						"0.0": [0.43568, -42.55892, 23.49116],
						"0.4": [-0.20904, -5.97811, 7.02],
						"0.5": [-0.04065, -0.16443, 7.66646],
						"0.8": [0, 0, 0]
					},
					"position": {
						"0.0": [1.6, -17, 4.8],
						"0.3": [0, -1.4, -4.3],
						"0.5": [0, -0.28, -4.86],
						"0.7": [0, 0, 0]
					}
				}
			}
		},
		"animation.qcw05.inspect": {
			"loop": true,
			"animation_length": 4.2,
			"bones": {
				"lefthand": {
					"rotation": {
						"0.0": [0, 0, 0],
						"0.1": [9.39507, -14.85954, -2.14092],
						"0.3": [11.42766, -23.62372, 23.50144],
						"1.5": [11.42766, -23.62372, 23.50144],
						"1.8": [9.94274, 12.66135, -36.31774],
						"3.2": [9.94274, 12.66135, -36.31774],
						"3.6": [0, 0, 0]
					},
					"position": {
						"0.0": [0, 0, 0],
						"0.1": [4.7, -4.4, 4.9],
						"0.3": [7.6, -5.4, 49.5],
						"1.5": [7.6, -5.4, 49.5],
						"1.8": [13, 16, -0.8],
						"3.2": [13, 16, -0.8],
						"3.6": [0, 0, 0]
					}
				},
				"main": {
					"rotation": {
						"0.0": [0, 0, 5],
						"0.3": [-18.21404, -24.78191, -36.44431],
						"0.4": [-17.77181, -25.09082, -37.49318],
						"0.6": [-18.72587, -24.4063, -35.2124],
						"0.7": [-18.18829, -24.79718, -36.50267],
						"0.9": [-18.99223, -23.51073, -34.48085],
						"1.1": [-18.50456, -24.02258, -35.70051],
						"1.3": [-19.6747, -22.19801, -32.90885],
						"1.4": [-18.94944, -22.34409, -34.68824],
						"1.5": [-18.07339, -23.83163, -36.786],
						"1.9": [-27.05025, -2.11566, 76.63715],
						"2.0": [-27.10188, -1.20524, 78.41869],
						"2.2": [-27.03692, -2.26706, 76.33991],
						"2.3": [-27.07196, -1.75154, 77.34981],
						"2.5": [-26.97862, -4.08636, 74.97046],
						"2.6": [-26.98885, -3.80483, 75.20856],
						"2.8": [-25.89581, -3.10612, 73.74349],
						"3.0": [-26.31909, -3.94486, 72.49875],
						"3.2": [-26.79708, -4.38082, 72.17221],
						"3.4": [-14.14473, -2.93676, 56.83879],
						"3.6": [0, 0, 0]
					},
					"position": {
						"0.0": [0, 0, 0],
						"0.2": [-4.4, -6.4, -10.8],
						"0.4": [-4.7, -5.5, -10.8],
						"0.8": [-4.33, -5.5, -10.8],
						"1.2": [-5.27, -5.8, -10.8],
						"1.5": [-4.4, -5.5, -10.8],
						"1.7": [-3, -10.8, -7.3],
						"2.0": [-2.8, -8.3, -7.3],
						"2.2": [-3.13, -8.3, -7.3],
						"3.2": [-3, -8.3, -7.3],
						"3.3": [-1.5, -9.05, -9.85],
						"3.4": [-1, -6.03, -9.67],
						"3.6": [0, 0, 0]
					}
				}
			},
			"sound_effects": {
				"0.0": {
					"effect": "qbz95_foley"
				}
			}
		},
		"animation.qcw05.reloadempty": {
			"loop": true,
			"animation_length": 3.7,
			"bones": {
				"magazine": {
					"rotation": {
						"0.0": [0, 0, 0],
						"0.4": [0, 0, 0],
						"0.6": [0, 0, 0],
						"0.7": [0, 0, -17.5],
						"0.8": [0, 0, -27.5]
					},
					"position": {
						"0.0": [0, 0, 0],
						"0.4": [0, 0, 0],
						"0.5": [0, -3, 0],
						"0.6": [0, -6, 0],
						"0.7": [0, -7, 0],
						"0.8": [2.77049, -12.32206, 0],
						"0.9": [9.69623, -25.62516, 0],
						"1.2": [9.7, -49.63, 0],
						"1.5": [9.7, -59.63, 24]
					}
				},
				"lefthand": {
					"rotation": {
						"0.0": [0, 0, 0],
						"2.2": [0, 0, 0],
						"2.4": [0, 17.5, 0],
						"2.7": [0, 22.5, 0],
						"2.9": [0, -2.5, 0],
						"3.3": [0, 0, 0]
					},
					"position": {
						"0.0": [0, 0, 0],
						"2.2": [0, 0, 0],
						"2.4": [7, 0, 4],
						"2.5": [7, -1, 3],
						"2.6": [7, -2, 7],
						"2.7": [7, -2, 14],
						"2.9": [12, -2, 33],
						"3.1": [7, 1, 11],
						"3.5": [0, 0, 0]
					}
				},
				"righthand": {
					"rotation": {
						"0.0": [0, 0, 0],
						"0.2": [-15.22872, -0.43288, 0.33051],
						"0.3": [-14.5, -1.08, 0.83],
						"0.4": [-14.37732, -3.64333, 1.84056],
						"0.5": [-13.96226, 0.9245, 0.30157],
						"0.8": [-14.30672, -14.05466, 5.86186],
						"1.1": [-1.80672, -14.05466, 5.86186],
						"1.3": [-1.81, -14.05, 5.86],
						"1.6": [-9.31, -14.05, 5.86],
						"1.8": [-14.31, -14.05, 5.86],
						"2.0": [0, 0, 0]
					},
					"position": {
						"0.0": [0, 0, 0],
						"0.2": [-1.23, -7.02, 13.95],
						"0.3": [1.71, -6.55, 22.88],
						"0.4": [-0.24, -6.4, 18.3],
						"0.5": [0.81, -6.25, 18.72],
						"0.7": [-8.03, -18.95, 48.55],
						"0.8": [-6.95, -25.45, 51.21],
						"0.9": [-8.95, -21.45, 29.21],
						"1.1": [-9.95, -15.45, 16.21],
						"1.3": [-8.95, -13.45, 11.21],
						"1.4": [-6.95, -11.45, 10.21],
						"1.6": [-6.95, -10.45, 10.21],
						"1.8": [-6.95, -7.45, 4.21],
						"2.0": [0, 0, 0]
					}
				},
				"action": {
					"position": {
						"0.0": [0, 0, -9],
						"2.4": [0, 0, -9],
						"2.5": [0, 0, -9],
						"2.6": [0, 0, -4.8],
						"2.7": [0, 0, 1.2],
						"2.8": [0, 0, 0]
					}
				},
				"main": {
					"rotation": {
						"0.0": [0, 0, 0],
						"0.2": [4.99349, 6.07619, 38.91797],
						"0.3": [4.77835, 6.24655, 36.91366],
						"0.5": [4.15986, 4.93793, 40.83318],
						"0.7": [2.07352, 5.04457, 39.83387],
						"0.9": [3.46523, 4.57348, 31.75729],
						"1.0": [3.22101, 4.74847, 28.75246],
						"1.2": [4.99349, 6.07619, 38.91797],
						"1.3": [4.77835, 6.24655, 36.91366],
						"1.5": [4.15986, 4.93793, 40.83318],
						"1.6": [3.54015, 4.70077, 45.343],
						"1.7": [2.07352, 5.04457, 39.83387],
						"2.0": [3.24116, 5.98494, 33.43063],
						"2.2": [4.99349, 6.07619, 38.91797],
						"2.3": [4.77835, 6.24655, 36.91366],
						"2.5": [4.15986, 4.93793, 40.83318],
						"2.6": [-3.10415, 5.11384, 37.82719],
						"2.7": [-0.42648, 5.04457, 39.83387],
						"2.8": [2.76938, 4.80903, 35.79558],
						"2.9": [3.46523, 4.57348, 31.75729],
						"3.0": [3.22101, 4.74847, 28.75246],
						"3.3": [-1.44704, -0.91075, 11.93639],
						"3.5": [0, 0, -4],
						"3.7": [0, 0, 0]
					},
					"position": {
						"0.0": [0, 0, 0],
						"0.2": [-2.8, -0.8, -20.3],
						"0.5": [-3.8, -1.5, -27.4],
						"0.6": [-3.3, -1.5, -26.2],
						"0.7": [-3.3, -2, -26.6],
						"0.8": [-3.8, -2, -25.2],
						"1.1": [-2.9, -4.1, -25.9],
						"1.3": [-3, -5.1, -25.2],
						"1.5": [-3.18, -4.57, -20.6],
						"1.6": [-1.27, -3.3, -18.3],
						"1.8": [-4.52, -4.2, -16],
						"2.4": [-3.3, -2.7, -4.5],
						"2.5": [-3.3, -2.7, -3.7],
						"2.6": [-3.3, -2.7, -1.5],
						"2.7": [-3.3, -2.7, -1.5],
						"2.8": [-3.3, -2.7, -5],
						"3.2": [-1, -1.22, -7.18],
						"3.4": [0, -2, -7.4],
						"3.6": [0, 0, 0]
					}
				},
				"magazine_extra": {
					"rotation": {
						"0.0": [0, 0, 0],
						"0.9": [0, 0, 10],
						"1.1": [12.5, 0, 10],
						"1.3": [7.5, 0, 10],
						"1.4": [0, 0, 0],
						"1.6": [0, 0, 0]
					},
					"position": {
						"0.0": [0, -13.79, 35],
						"0.9": [-1, -10.79, 19],
						"1.1": [-1, -10.79, 2],
						"1.3": [0, -7.79, 0],
						"1.4": [0, -5.79, 0],
						"1.6": [0, 0, 0]
					}
				}
			},
			"sound_effects": {
				"0.3": {
					"effect": "mpx_mag_unload"
				},
				"1.2": {
					"effect": "mpx_mag_insert"
				},
				"2.5": {
					"effect": "qcw05bolt_back"
				}
			}
		},
		"animation.qcw05.load": {
			"loop": true,
			"animation_length": 3.5,
			"bones": {
				"magazine": {
					"rotation": {
						"0.0": [0, 0, 0],
						"0.7": [0, 0, 10],
						"0.9": [12.5, 0, 10],
						"1.1": [7.5, 0, 10],
						"1.2": [0, 0, 0],
						"1.4": [0, 0, 0]
					},
					"position": {
						"0.0": [0, -13.79, 35],
						"0.7": [-1, -10.79, 19],
						"0.9": [-1, -10.79, 2],
						"1.1": [0, -7.79, 0],
						"1.2": [0, -5.79, 0],
						"1.4": [0, 0, 0]
					}
				},
				"lefthand": {
					"rotation": {
						"0.0": [0, 0, 0],
						"2.0": [0, 0, 0],
						"2.2": [0, 17.5, 0],
						"2.5": [0, 22.5, 0],
						"2.7": [0, -2.5, 0],
						"3.1": [0, 0, 0]
					},
					"position": {
						"0.0": [0, 0, 0],