{
	"format_version": "1.8.0",
	"animations": {
		"animation.s63autorifle.reloadempty": {
			"loop": true,
			"animation_length": 4.25,
			"bones": {
				"righthand": {
					"rotation": {
						"0.0": [0, 0, 0],
						"0.125": [0, -10, 0],
						"0.3333": [-5.37597, -19.91496, 0.9925],
						"0.7083": [-5.38, -19.91, 0.99],
						"0.9167": [16.50684, -19.77436, -48.80033],
						"1.1667": [16.51, -19.77, -48.8],
						"1.3333": [-47.31528, -10.77233, 40.42113],
						"1.5833": [-28.793, -10.34278, 24.00125],
						"1.6667": [-20.59891, -3.61994, 20.60305],
						"1.7917": [-12.93197, 1.12424, 19.01497],
						"1.9167": [7.06803, 1.12424, 19.01497],
						"2.0417": [22.06803, 1.12424, 19.01497],
						"2.125": [34.56803, 1.12424, 19.01497],
						"2.2917": [44.56803, 1.12424, 19.01497],
						"2.6667": [-15.89478, -18.33547, -20.08949],
						"2.9167": [-17.72691, -13.33817, -7.83938],
						"3.1667": [-17.72691, -13.33817, -7.83938],
						"3.3333": [-8.15989, -18.20334, -6.60715],
						"3.4583": [-5.65989, -18.20334, -6.60715],
						"3.5833": [1.84011, -18.20334, -6.60715],
						"3.7083": [1.84011, -18.20334, -6.60715],
						"4.0833": [0, 0, 0]
					},
					"position": {
						"0.0": [0, 0, 0],
						"0.125": [-7, 0, 0],
						"0.25": [-13, 3, -10],
						"0.3333": [-16, 4, -22],
						"0.4583": [-16, 4, -15],
						"0.7083": [-16, 4, -4],
						"0.9167": [-16, 5, -4],
						"1.0833": [-16, 5, -15],
						"1.1667": [-16, 5, -21],
						"1.3333": [-24.2, 3, -23.8],
						"1.4583": [-13, 11, -16],
						"1.5833": [-13, 11, -23],
						"2.0417": [-13, 7, -18],
						"2.125": [-13, 2, -9],
						"2.2917": [-13, -3, 2],
						"2.4167": [-17.75934, -1.75264, 1.87051],
						"2.5417": [-18.00769, -2.61645, -3.80859],
						"2.6667": [-12.44151, -4.40215, -12.88432],
						"2.7917": [-13.55868, 16.11159, -17.70278],
						"2.9167": [-8.09643, 17.885, -19.3891],
						"3.0417": [-7.1, 17.89, -19.39],
						"3.1667": [-5.45591, 18.02953, -21.20039],
						"3.3333": [-9.23698, 23.12171, -24.36547],
						"3.4583": [-9.5916, 22.87495, -23.46649],
						"3.5833": [-10.31217, 25.60229, -20.1514],
						"3.7083": [-10.1524, 25.49734, -17.92186],
						"3.8333": [-11.08186, 20.55306, -12.83521],
						"3.9583": [-9.29977, 9.13165, -8.56559],
						"4.0833": [0, 0, 0]
					}
				},
				"action": {
					"position": {
						"0.0": [0, 0, -12],
						"0.3333": [0, 0, -12],
						"0.4583": [0, 0, -4],
						"0.7083": [0, 0, 6],
						"0.9167": [0, 0, 6],
						"1.0833": [0, 0, -4]
					}
				},
				"handle": {
					"position": {
						"0.0": [0, 0, 0],
						"0.3333": [0, 0, 0],
						"0.4583": [0, 0, 8],
						"0.7083": [0, 0, 18],
						"0.9167": [0, 0, 18],
						"1.0833": [0, 0, 6],
						"1.1667": [0, 0, 0]
					}
				},
				"magazine": {
					"rotation": {
						"1.4583": [0, 0, 0],
						"1.5": [20, 0, 0],
						"1.5833": [40, 0, 0],
						"1.6667": [60.06017, -4.11723, -4.23146],
						"1.7917": [116.11848, 5.22327, 15.23111],
						"1.9167": [190.56604, 7.2254, 8.06041],
						"2.0833": [242.63619, 2.67797, 22.33713],
						"2.25": [285.42992, 15.94106, -15.78418],
						"2.375": [325.42992, 15.94106, -15.78418],
						"2.4167": [325.42992, 15.94106, -15.78418],
						"4.1667": [325.42992, 15.94106, -15.78418]
					},
					"position": {
						"1.4583": [0, 0, 0],
						"1.5833": [0, 1, -1],
						"1.6667": [-1, 4, -4],
						"1.7917": [-7, 4, -12],
						"1.9167": [-14.21232, -2.00015, -17.74204],
						"2.0833": [-25.85766, -14.46753, -22.12673],
						"2.25": [-35.33399, -37.97819, -21.7214],
						"2.375": [-37.54217, -98.16918, -6.32647],
						"2.4167": [-17.10341, -24.08609, 160.85593],
						"4.1667": [-17.10341, -24.08609, 160.85593]
					}
				},
				"main": {
					"rotation": {
						"0.0": [0, 0, 0],
						"0.2083": [-12.5, 0, 25],
						"0.3333": [-16.81277, 1.02607, 28.60708],
						"0.5833": [-15.66572, 0.27987, 24.20383],
						"0.8333": [-14.36161, 3.41702, 34.89542],
						"1.0833": [-17.83648, 3.05415, 31.18971],
						"1.2917": [-16.58669, -2.92295, 9.86897],
						"1.5833": [-15.05868, -2.64364, -17.33975],
						"1.8333": [-21.86162, -4.79133, -24.29632],
						"2.0833": [-24.42342, -6.41218, -24.12913],
						"2.375": [-21.07212, -6.95737, -20.76631],
						"2.5833": [-23.03037, -6.14567, -13.34357],
						"2.75": [-15.51513, -4.40599, -19.75487],
						"2.9583": [-13.53448, -3.84352, -19.73297],
						"3.2083": [-11.03846, -3.09027, -15.88525],
						"3.3333": [-9.70046, -2.71569, -11.45976],
						"3.5": [-8.78778, -2.64193, -11.53108],
						"3.6667": [-6.87, -1.77, -6.25],
						"3.7083": [-7.92894, -1.91295, -5.7818],
						"4.0833": [0, 0, 0]
					},
					"position": {
						"0.0": [0, 0, 0],
						"0.125": [0.11609, 0.46949, -3.97066],
						"0.3333": [0.11609, 0.46949, -3.97066],
						"0.4583": [-0.12913, -0.08827, -1.68318],
						"0.7083": [-0.42295, -0.81007, 1.344],
						"0.75": [-0.3208, -0.55829, 0.36474],
						"1.125": [-0.21121, -0.29838, -0.61875],
						"1.1667": [-0.03183, 0.19362, -2.53822],
						"1.2083": [-0.13405, -0.08871, -1.55528],
						"1.625": [-0.11, -0.08, -1.33],
						"2.5833": [-0.07, -0.05, -0.84],
						"2.75": [-0.06, -2.04, 2.26],
						"4.0833": [0, 0, 0]
					}
				},
				"magazine_extra": {
					"rotation": {
						"0.0": [0, 0, 0],
						"2.25": [0, 0, 0],
						"2.2917": [27.5, 0, 20],
						"2.6667": [0.62277, -25.51343, -35.59355],
						"2.7917": [25.62277, -25.51343, -35.59355],
						"2.9167": [20.97874, -10.64987, -16.15357],
						"3.2083": [24.79887, -3.45533, 6.66067],
						"3.3333": [37.5, 0, 0],
						"3.4583": [30, 0, 0],
						"3.5833": [20, 0, 0],
						"3.7083": [0, 0, 0]
					},
					"position": {
						"0.0": [-21, -30, 56],
						"2.25": [-21, -30, 56],
						"2.2917": [-22.75447, -48.31533, 29.12085],
						"2.6667": [-5.14504, -14.16709, 9.88315],
						"2.7917": [-5.4747, 5.61237, 3.61489],
						"2.9167": [-0.63985, 4.53247, 1.26704],
						"3.2083": [0.47, 2.12, -1.72],
						"3.3333": [0, 0.32497, -0.82658],
						"3.4583": [0, 0, -1],
						"3.5833": [0, 0, -0.6],
						"3.7083": [0, 0, 0]
					}
				}
			},
			"sound_effects": {
				"0.3333": {
					"effect": "stoner63boltback"
				},
				"0.9583": {
					"effect": "stoner63handleforward"
				},
				"1.4583": {
					"effect": "stoner63coverlock"
				},
				"1.5833": {
					"effect": "stoner63magout"
				},
				"2.8333": {
					"effect": "stoner63magtouch"
				},
				"3.3333": {
					"effect": "stoner63magin"
				}
			}
		},
		"animation.s63autorifle.reload": {
			"loop": true,
			"animation_length": 3.25,
			"bones": {
				"righthand": {
					"rotation": {
						"0.0": [0, 0, 0],
						"0.125": [0, -10, 0],
						"0.4583": [-47.31528, -10.77233, 40.42113],
						"0.7083": [-28.793, -10.34278, 24.00125],
						"0.8333": [-21.01418, -8.10647, 22.84939],
						"0.9583": [-21.01418, -8.10647, 22.84939],
						"1.0833": [22.06803, 1.12424, 19.01497],
						"1.2083": [34.56803, 1.12424, 19.01497],
						"1.375": [44.56803, 1.12424, 19.01497],
						"1.9167": [-15.89478, -18.33547, -20.08949],
						"2.2083": [-17.72691, -13.33817, -7.83938],
						"2.375": [-17.72691, -13.33817, -7.83938],
						"2.4583": [-8.15989, -18.20334, -6.60715],
						"2.5417": [-5.65989, -18.20334, -6.60715],
						"2.6667": [1.84011, -18.20334, -6.60715],
						"2.7917": [1.84011, -18.20334, -6.60715],
						"3.1667": [0, 0, 0]
					},
					"position": {
						"0.0": [0, 0, 0],
						"0.125": [-7, 0, 0],
						"0.2917": [-13, 3, -10],
						"0.4583": [-16, 11, -21],
						"0.7083": [-13, 16, -26],
						"0.8333": [-9, 18.33, -26.17],
						"0.9583": [-9, 23.33, -28.17],
						"1.0833": [-13, 7, -18],
						"1.2083": [-13, 2, -9],
						"1.375": [-13, -3, 2],
						"1.5": [-17.75934, -1.75264, 1.87051],
						"1.625": [-18.00769, -2.61645, -3.80859],
						"1.9167": [-12.44151, -4.40215, -12.88432],
						"2.0833": [-13.55868, 16.11159, -17.70278],
						"2.2083": [-8.09643, 17.885, -19.3891],
						"2.2917": [-7.1, 17.89, -19.39],