{
	"format_version": "1.8.0",
	"animations": {
		"animation.s63r.reloadempty": {
			"loop": true,
			"animation_length": 4,
			"bones": {
				"action": {
					"position": {
						"3.125": [0, 0, 0],
						"3.25": [0, 0, 7],
						"3.3333": [0, 0, 18],
						"3.4167": [0, 0, 18],
						"3.5": [0, 0, 9],
						"3.625": [0, 0, 0]
					}
				},
				"handle": {
					"position": {
						"0.0": [0, 0, 0],
						"3.125": [0, 0, 0],
						"3.25": [0, 0, 7],
						"3.3333": [0, 0, 18],
						"3.4167": [0, 0, 18],
						"3.5": [0, 0, 9],
						"3.625": [0, 0, 0]
					}
				},
				"magazine": {
					"rotation": {
						"0.2917": [0, 0, 0],
						"0.5417": [-52.5, 0, 0],
						"0.6667": [-107.5, 0, 0],
						"0.7917": [-140, 0, 0],
						"0.9583": [-180, 0, 0],
						"1.0": [-180, 0, 0]
					},
					"position": {
						"0.2917": [0, 0, 0],
						"0.5417": [0, -10, -8],
						"0.6667": [0, -25, -16],
						"0.7917": [0, -47, -20],
						"0.9583": [0, -91, -22],
						"1.0": [0, -91, 44]
					}
				},
				"magazine_extra": {
					"rotation": {
						"0.0": [0, 0, 0],
						"1.25": [0, 0, 0],
						"1.2917": [-8.74472, 18.05776, -26.39218],
						"1.5417": [-22.75379, 10.35478, -49.20187],
						"1.75": [-43.92342, -1.95983, -31.5538],
						"2.0417": [-33.26, 4.58, -31.31],
						"2.1667": [-16.75789, -0.89052, -15.48334],
						"2.2917": [-16.79218, 0, 0],
						"2.4167": [-16.79, 0, 0],
						"2.5833": [-9.29, 0, 0],
						"2.75": [0, 0, 0]
					},
					"position": {
						"0.0": [31, -13, 70],
						"0.9167": [31, -13, 70],
						"0.9583": [18, -37, 50],
						"1.5417": [12, -16, 25],
						"1.75": [7.05, -10.15, 8.85],
						"2.0417": [1, -3, -2],
						"2.1667": [1, -2.8, -1],
						"2.2917": [-0.1, -2.3, -1],
						"2.4167": [-0.1, -0.3, -0.7],
						"2.5833": [0, 0, 0],
						"2.75": [0, 0, 0]
					}
				},
				"lefthand": {
					"rotation": {
						"0.0": [0, 0, 0],
						"0.1667": [-8.01914, 10.35454, -3.89334],
						"0.4583": [-3.01869, 4.19754, -1.31486],
						"0.6667": [-3.45028, -8.25601, -2.47673],
						"0.875": [6.42115, -22.79302, -1.0583],
						"1.0833": [16.21142, -37.35337, -2.15826],
						"1.2917": [16.21, -37.35, -2.16],
						"1.5417": [-6.0108, -18.14482, -11.55371],
						"2.0417": [-13.07224, -3.9236, -12.45713],
						"2.1667": [-5.14048, 2.92942, -9.3224],
						"2.2917": [-0.82951, 6.18354, -7.27999],
						"2.4167": [-2.70249, 8.0978, -8.24035],
						"2.75": [2.71042, 2.28148, -5.62045],
						"2.9583": [-16.94933, 3.32729, -13.08918],
						"3.125": [-23.24802, 8.45537, -16.20494],
						"3.4167": [-23.24802, 8.45537, -16.20494],
						"3.5": [-32.80189, 14.73158, -11.74153],
						"3.875": [0, 0, 0]
					},
					"position": {
						"0.0": [0, 0, 0],
						"0.1667": [0, -11, 17],
						"0.625": [0, -11, 17],
						"0.8333": [0, -15, 27],
						"1.0417": [0, -23, 48],
						"1.2917": [16, -16, 50],
						"1.5417": [11, -17, 39],
						"1.75": [3, -15, 19],
						"2.0417": [0, -15, 7],
						"2.1667": [3, -13, 10],
						"2.2917": [1, -16, 9],
						"2.4167": [1, -16, 8.5],
						"2.5833": [1, -13, 12],
						"2.75": [1, -11, 14],
						"2.9583": [4, -11, 14],
						"3.125": [0, -3, 10],
						"3.25": [0, -3, 19],
						"3.3333": [0, -3, 29],
						"3.4167": [0, -3, 29],
						"3.5833": [0, -3, 37],
						"3.875": [0, 0, 0]
					}
				},
				"main": {
					"rotation": {
						"0.0": [0, 0, 0],
						"0.3333": [-16.31, -2, -11.41],
						"0.5833": [-15.44, -1.89, -10.8],
						"1.2917": [-12.99, -1.59, -9.08],
						"1.7083": [-20.15666, -2.03824, -23.4834],
						"1.9583": [-15.57, -0.04, -26.07],
						"2.0417": [-13.32411, 1.05842, -23.55004],
						"2.1667": [-13.32411, 1.05842, -18.55004],
						"2.2917": [-13.32411, 1.05842, -13.55004],
						"2.4167": [-10.89274, 1.64303, -13.49271],
						"2.5833": [-18.18, -0.12, -13.59],
						"2.875": [-13.31951, 1.05389, -13.55036],
						"3.0417": [-10.88814, 1.63851, -10.99323],
						"3.1667": [-13.34274, 1.16042, -11.05319],
						"3.2917": [-18.24979, 0.19874, -11.11143],
						"3.375": [-20.70293, -0.28309, -11.10962],
						"3.5": [-18.24979, 0.19874, -11.11143],
						"3.5833": [-18.24979, 0.19874, -11.11143],
						"3.625": [-15.79651, 0.6802, -11.09261],
						"3.875": [0, 0, 0]
					},
					"position": {
						"0.0": [0, 0, 0],
						"0.3333": [0, 0, -7.41],
						"0.4167": [-0.67, 0, -10.7],
						"0.5833": [-2, 0, -2.28],
						"0.7917": [-0.91, 0, -2.17],
						"1.2917": [-0.8, 0, -1.91],
						"1.7083": [3.2, 0, -1.91],
						"1.9583": [3.2, 0, -1.91],
						"2.5833": [3.2, 0, -1.91],
						"2.75": [3.2, 1, -1.91],
						"2.875": [3.2, -1, -1.91],
						"3.2917": [3.2, -1, -1.91],
						"3.375": [3.2, -1, 0.09],
						"3.5": [3.2, -1, -1.91],
						"3.875": [0, 0, 0]
					}
				}
			},
			"sound_effects": {
				"0.2917": {
					"effect": "stoner63magout"
				},
				"2.0": {
					"effect": "stoner63magtouch"
				},
				"2.375": {
					"effect": "stoner63magin"
				},
				"3.125": {
					"effect": "stoner63boltback"
				},
				"3.5833": {
					"effect": "stoner63boltforward"
				}
			}
		},
		"animation.s63r.load": {
			"loop": true,
			"animation_length": 3.25,
			"bones": {
				"action": {
					"position": {
						"2.375": [0, 0, 0],
						"2.5": [0, 0, 7],
						"2.625": [0, 0, 18],
						"2.75": [0, 0, 18],
						"2.8333": [0, 0, 9],
						"2.9167": [0, 0, 0]
					}
				},
				"handle": {
					"position": {
						"0.0": [0, 0, 0],
						"2.375": [0, 0, 0],
						"2.5": [0, 0, 7],
						"2.625": [0, 0, 18],
						"2.75": [0, 0, 18],
						"2.8333": [0, 0, 9],
						"2.9167": [0, 0, 0]
					}
				},
				"magazine": {
					"rotation": {
						"0.0": [0, 0, 0],
						"0.4583": [-8.74472, 18.05776, -26.39218],
						"0.7917": [-22.75379, 10.35478, -49.20187],
						"1.0833": [-43.92342, -1.95983, -31.5538],
						"1.3333": [-33.26, 4.58, -31.31],
						"1.4583": [-16.75789, -0.89052, -15.48334],
						"1.5833": [-16.79218, 0, 0],
						"1.7083": [-16.79, 0, 0],
						"1.8333": [-9.29, 0, 0],
						"1.9583": [0, 0, 0]
					},
					"position": {
						"0.0": [31, -13, 70],
						"0.125": [18, -37, 50],
						"0.7917": [12, -16, 25],
						"1.0833": [7.05, -10.15, 8.85],
						"1.3333": [1, -3, -2],
						"1.4583": [1, -2.8, -1],
						"1.5833": [-0.1, -2.3, -1],
						"1.7083": [-0.1, -0.3, -0.7],
						"1.8333": [0, 0, 0],
						"1.9583": [0, 0, 0]
					}
				},
				"lefthand": {
					"rotation": {
						"0.0": [0, 0, 0],
						"0.4583": [16.21, -37.35, -2.16],
						"0.7917": [-6.0108, -18.14482, -11.55371],
						"1.3333": [-13.07224, -3.9236, -12.45713],
						"1.4583": [-5.14048, 2.92942, -9.3224],
						"1.5833": [-0.82951, 6.18354, -7.27999],
						"1.7083": [-2.70249, 8.0978, -8.24035],
						"1.9583": [2.71042, 2.28148, -5.62045],
						"2.125": [-16.94933, 3.32729, -13.08918],
						"2.375": [-23.24802, 8.45537, -16.20494],
						"2.75": [-23.24802, 8.45537, -16.20494],
						"2.8333": [-32.80189, 14.73158, -11.74153],
						"3.25": [0, 0, 0]
					},
					"position": {
						"0.0": [0, 0, 0],
						"0.4583": [16, -16, 50],
						"0.7917": [11, -17, 39],
						"1.0833": [3, -15, 19],
						"1.3333": [0, -15, 7],
						"1.4583": [3, -13, 10],
						"1.5833": [1, -16, 9],
						"1.7083": [1, -16, 8.5],
						"1.8333": [1, -13, 12],
						"1.9583": [1, -11, 14],
						"2.125": [4, -11, 14],
						"2.375": [0, -3, 10],
						"2.5": [0, -3, 19],
						"2.625": [0, -3, 29],
						"2.75": [0, -3, 29],
						"2.875": [0, -3, 37],
						"3.25": [0, 0, 0]
					}
				},
				"main": {
					"rotation": {
						"0.0": [0, 0, 0],
						"0.25": [-7.5, 0, -12.5],
						"0.4583": [-12.99, -1.59, -9.08],
						"0.6667": [-22.4527, -3.03255, -18.38181],
						"0.875": [-20.15666, -2.03824, -23.4834],
						"1.25": [-15.57, -0.04, -26.07],
						"1.3333": [-13.32411, 1.05842, -23.55004],
						"1.4583": [-13.32411, 1.05842, -18.55004],
						"1.5833": [-13.32411, 1.05842, -13.55004],
						"1.7083": [-10.89274, 1.64303, -13.49271],
						"1.8333": [-18.18, -0.12, -13.59],